{
  "n_estimators": 600,
  "max_depth": 4,
  "learning_rate": 0.03462889482309023,
  "subsample": 0.8308407931732845,
  "colsample_bytree": 0.9431543526047442,
  "min_child_weight": 1,
  "reg_lambda": 7.678540448024699,
  "reg_alpha": 1.752958867069227,
  "gamma": 0.11179766482895362
}